{"cameraMode":{"drawMode":0,"name":"Shaded","section":"Shading Mode"},"sceneLighting":true,"audioPlay":false,"sceneViewState":{"showFog":true,"showMaterialUpdate":false,"showSkybox":true,"showFlares":true,"showImageEffects":true,"showParticleSystems":true},"in2DMode":false,"pivot":{"x":-0.1619141548871994,"y":0.725745439529419,"z":-0.4894525110721588},"rotation":{"x":-0.25665464997291567,"y":0.2479453682899475,"z":-0.06831323355436325,"w":-0.9316849112510681},"size":1.0578839778900147,"orthographic":false}